QuickAction,33
EK6_ParametroAvaliacaoRiscoBaixo__mdt,2
CustomTab,9
CampoDaIntegracao__mdt,242
ListaEncadeadaDaIntegracao__mdt,37
EK6_ParametroJustificativaSocios__mdt,22
CustomApplication,19
BrandingSetProperty,4
StandardEntity,19
EstruturaIntegracao__mdt,11
LookupFilter,20
ApexTrigger,18
SA7_SystemOverview__mdt,10
ReportType,4351
ReferenciaDaIntegracao__mdt,20
ConfiguracaoInterfaceUsuario__mdt,9
CronTrigger,72
ObjetoDaIntegracao__mdt,11
FlexiPage,333
CustomObject,26
WorkflowFieldUpdate,66
Report,5676
AuraDefinition,4470
FluxoDaIntegracao__mdt,11
WebLink,11
ValidationRule,466
AcaoDaEtapaDaIntegracao__mdt,11
ApexPage,88
CustomSite,17
SA7_Org_Log_Level__mdt,1
Layout,7288
ApexClass,16877
WaveDataflow,1
NavigationMenuItem,4
CustomField,556
EmailTemplate,109
TD2_ConfiguracaoOperacao__mdt,67
SK5_ParametroSla__mdt,1
ApexComponent,10
QuickAction,33
EK6_ParametroAvaliacaoRiscoBaixo__mdt,2
CustomTab,9
CampoDaIntegracao__mdt,242
ListaEncadeadaDaIntegracao__mdt,37
EK6_ParametroJustificativaSocios__mdt,22
CustomApplication,19
BrandingSetProperty,4
StandardEntity,19
EstruturaIntegracao__mdt,11
LookupFilter,20
ApexTrigger,18
SA7_SystemOverview__mdt,10
ReportType,4351
ReferenciaDaIntegracao__mdt,20
ConfiguracaoInterfaceUsuario__mdt,9
CronTrigger,72
ObjetoDaIntegracao__mdt,11
FlexiPage,333
CustomObject,26
WorkflowFieldUpdate,66
Report,5676
AuraDefinition,4470
FluxoDaIntegracao__mdt,11
WebLink,11
ValidationRule,466
AcaoDaEtapaDaIntegracao__mdt,11
ApexPage,88
CustomSite,17
SA7_Org_Log_Level__mdt,1
Layout,7288
ApexClass,16877
WaveDataflow,1
NavigationMenuItem,4
CustomField,556
EmailTemplate,109
TD2_ConfiguracaoOperacao__mdt,67
SK5_ParametroSla__mdt,1
ApexComponent,10
